specimen	study_id	actual_date	specimen_id
m57n703-s511	2018	2/16/2015	50001
m57n704-s502	2018	2/23/2015	50002
m57n704-s506	2018	3/2/2015	50007
m30n701-s506	2018	3/3/2015	40032
m57n704-s503	2018	3/9/2015	50005
m57n704-s505	2018	3/16/2015	50006
m30n701-s507	2018	3/20/2015	40038
m57n704-s507	2018	3/23/2015	50008
m57n704-s508	2018	3/30/2015	50009
m57n704-s510	2018	4/6/2015	50010
m57n705-s505	2018	4/13/2015	50020
m30n701-s508	2018	4/20/2015	50021
m30n701-s511	2018	4/27/2015	50022
m30n702-s503	2018	5/4/2015	40054
m57n704-s511	2037	4/6/2015	50011
m57n705-s502	2037	4/12/2015	50012
m57n705-s503	2037	4/20/2015	50013
m30n701-s510	2037	4/24/2015	40052
m57n705-s511	2037	4/27/2015	50026
m57n706-s502	2037	5/4/2015	50027
m57n706-s503	2037	5/11/2015	50028
m30n702-s507	2037	5/15/2015	40059
m57n706-s510	2037	5/18/2015	50039
m57n706-s508	2037	5/25/2015	50038
m57n706-s511	2037	6/1/2015	50040
m30n702-s511	2037	6/5/2015	40067
m57n707-s511	2037	6/8/2015	50067
m57n707-s503	2037	6/13/2015	50051
m57n707-s502	2037	6/22/2015	50050
m57n707-s505	2037	7/6/2015	50052
m30n703-s510	2037	7/10/2015	40079
m57n714-s520	2038	4/14/2015	50016
m57n714-s517	2038	4/22/2015	50014
m57n714-s518	2038	4/27/2015	50015
m30n702-s505	2038	5/6/2015	40055
m57n715-s517	2038	5/11/2015	50032
m57n715-s518	2038	5/18/2015	50033
m57n715-s520	2038	5/25/2015	50034
m30n702-s510	2038	6/1/2015	40065
m57n716-s517	2038	6/8/2015	50044
m57n716-s520	2038	6/15/2015	50046
m30n703-s505	2038	6/19/2015	40073
m57n716-s518	2038	6/22/2015	50045
m57n718-s516	2038	6/29/2015	50059
m57n718-s517	2038	7/6/2015	50060
m30n703-s511	2038	7/10/2015	40081
m57n714-s521	2040	4/15/2015	50017
m57n714-s522	2040	4/28/2015	50019
m30n702-s502	2040	4/30/2015	40053
m57n715-s513	2040	5/15/2015	50030
m57n715-s516	2040	5/20/2015	50031
m30n702-s508	2040	5/21/2015	40060
m57n716-s513	2040	5/24/2015	50041
m57n716-s515	2040	6/1/2015	50042
m57n716-s516	2040	6/9/2015	50043
m30n703-s503	2040	6/11/2015	40069
m30n703-s508	2040	7/8/2015	40078
m57n705-s508	2048	4/27/2015	50024
m57n705-s510	2048	5/4/2015	50025
m57n705-s507	2048	5/11/2015	50023
m30n702-s506	2048	5/15/2015	40058
m57n706-s505	2048	5/18/2015	50035
m57n706-s506	2048	5/25/2015	50036
m57n706-s507	2048	6/1/2015	50037
m30n703-s502	2048	6/5/2015	40068
m57n707-s506	2048	6/8/2015	50053
m57n707-s510	2048	6/15/2015	50055
m57n707-s507	2048	6/22/2015	50054
m30n703-s507	2048	6/30/2015	40076
m57n718-s513	2055	6/8/2015	50049
m57n716-s522	2055	6/15/2015	50048
m57n716-s521	2055	6/22/2015	50047
m30n703-s506	2055	6/29/2015	40074
m57n718-s518	2055	7/13/2015	50061
m57n718-s520	2055	7/20/2015	50062
m30n704-s502	2055	7/23/2015	40090
m57n718-s521	2055	7/27/2015	50083
m57n718-s522	2055	8/3/2015	50084
m57n719-s513	2055	8/10/2015	50085
m30n704-s505	2055	8/13/2015	40112
m57n719-s522	2055	8/17/2015	50121
m57n719-s520	2055	8/24/2015	50119
m57n719-s521	2055	8/31/2015	50120
m30n705-s510	2055	9/2/2015	40136
m59n729-s521	2061	7/14/2015	50068
m59n729-s520	2061	7/22/2015	50069
m59n729-s518	2061	7/27/2015	50070
m30n704-s503	2061	7/31/2015	40096
m59n728-s520	2061	8/5/2015	50095
m59n728-s518	2061	8/17/2015	50097
m30n704-s508	2061	8/19/2015	40118
m59n727-s520	2061	8/24/2015	50128
m30n705-s508	2061	9/1/2015	50129
m30n706-s502	2061	9/8/2015	50130
m30n706-s508	2061	9/14/2015	40145
m59n724-s522	2061	9/28/2015	50178
m30n710-s505	2061	10/6/2015	40169
m59n729-s517	2062	7/19/2015	50071
m59n729-s516	2062	8/3/2015	50073
m30n704-s507	2062	8/18/2015	50102
m30n704-s511	2062	8/24/2015	40123
m59n727-s515	2062	8/31/2015	50139
m59n724-s521	2062	9/28/2015	50185
m59n724-s520	2062	10/6/2015	50186
m59n729-s513	2068	8/2/2015	50082
m59n729-s515	2068	8/8/2015	50081
m59n727-s521	2068	8/17/2015	50115
m59n726-s516	2068	9/10/2015	50158
m59n726-s518	2068	9/16/2015	50156
m59n726-s517	2068	9/21/2015	50157
m59n724-s513	2068	9/26/2015	50203
m30n707-s506	2068	9/29/2015	40157
m59n724-s516	2068	10/3/2015	50201
m30n716-s507	2068	10/20/2015	40177
m57n719-s515	2071	8/3/2015	50087
m57n719-s516	2071	8/17/2015	50088
m30n704-s506	2071	8/18/2015	40115
m30n705-s502	2071	8/24/2015	50123
m30n705-s507	2071	8/31/2015	50122
m57n720-s513	2071	9/7/2015	50124
m30n706-s503	2071	9/9/2015	40139
m57n721-s513	2071	9/14/2015	50161
m57n721-s516	2071	9/21/2015	50163
m57n721-s515	2071	9/28/2015	50162
m30n707-s510	2071	10/1/2015	40162
m57n722-s516	2071	10/5/2015	50210
m57n722-s518	2071	10/12/2015	50211
m57n722-s520	2071	10/19/2015	50212
m30n716-s510	2071	10/22/2015	40182
m59n728-s521	2072	8/10/2015	50091
m59n728-s522	2072	8/17/2015	50090
m30n704-s510	2072	8/21/2015	40120
m59n727-s516	2072	8/24/2015	50134
m59n727-s517	2072	8/31/2015	50133
m59n727-s518	2072	9/7/2015	50131
m30n706-s505	2072	9/11/2015	40142
m59n726-s515	2072	9/14/2015	50169
m59n726-s513	2072	9/28/2015	50170
m30n707-s511	2072	10/2/2015	40163
m59n723-s518	2072	10/5/2015	50213
m30n721-s511	2072	10/12/2015	50214
m30n722-s502	2072	10/19/2015	50215
m57n719-s517	2074	8/18/2015	50094
m57n721-s517	2074	8/24/2015	50180
m30n705-s503	2074	8/25/2015	40126
m57n720-s516	2074	9/1/2015	50145
m57n720-s515	2074	9/9/2015	50144
m57n720-s517	2074	9/14/2015	50146
m30n706-s510	2074	9/15/2015	40146
m57n721-s518	2074	9/21/2015	50181
m57n721-s521	2074	9/28/2015	50183
m30n716-s520	2074	10/6/2015	40168
m57n722-s521	2074	10/12/2015	50224
m57n722-s522	2074	10/26/2015	50226
m57n710-s503	2075	8/10/2015	50100
m57n710-s502	2075	8/17/2015	50099
m57n711-s507	2075	8/24/2015	50136
m57n711-s506	2075	8/31/2015	50135
m57n711-s508	2075	9/7/2015	50137
m30n706-s506	2075	9/11/2015	40143
m57n712-s506	2075	9/14/2015	50171
m57n712-s507	2075	9/21/2015	50172
m57n712-s508	2075	9/29/2015	50173
m30n710-s502	2075	10/2/2015	40164
m57n714-s508	2075	10/5/2015	50216
m57n714-s511	2075	10/12/2015	50218
m57n714-s510	2075	10/19/2015	50217
m30n716-s508	2075	10/20/2015	40179
m59n728-s515	2080	8/10/2015	50104
m59n728-s513	2080	8/17/2015	50105
m59n727-s522	2080	8/24/2015	50106
m30n705-s506	2080	8/28/2015	40134
m59n727-s513	2080	8/31/2015	50150
m59n726-s521	2080	9/7/2015	50151
m59n726-s520	2080	9/14/2015	50152
m30n707-s503	2080	9/18/2015	40151
m59n724-s518	2080	9/21/2015	50194
m59n724-s517	2080	9/28/2015	50195
m30n716-s518	2080	10/5/2015	50196
m30n722-s503	2080	10/12/2015	50240
m59n723-s517	2080	10/19/2015	50237
m59n723-s516	2080	10/26/2015	50238
m59n723-s515	2080	11/2/2015	50239
m30n718-s506	2080	11/6/2015	40196
m57n710-s505	2081	8/10/2015	50107
m57n710-s506	2081	8/18/2015	50108
m57n710-s507	2081	8/24/2015	50109
m30n705-s505	2081	8/27/2015	40133
m57n711-s511	2081	8/31/2015	50147
m57n712-s502	2081	9/8/2015	50148
m57n712-s503	2081	9/15/2015	50149
m30n706-s511	2081	9/17/2015	40148
m57n714-s502	2081	9/22/2015	50187
m57n714-s503	2081	10/8/2015	40171
m57n715-s505	2081	10/19/2015	50228
m57n715-s506	2081	10/26/2015	50229
m30n718-s503	2081	10/29/2015	40191
m57n710-s508	2086	8/17/2015	50116
m57n710-s510	2086	8/29/2015	50117
m30n705-s511	2086	9/8/2015	40138
m57n712-s505	2086	9/9/2015	50160
m57n710-s511	2086	9/15/2015	50118
m30n707-s502	2086	9/18/2015	40150
m57n714-s506	2086	9/29/2015	50191
m57n714-s507	2086	10/5/2015	50192
m30n724-s511	2086	10/9/2015	40173
m57n715-s507	2086	10/13/2015	50230
m57n715-s510	2086	10/20/2015	50232
m57n715-s508	2086	10/26/2015	50231
m30n716-s511	2086	10/27/2015	40186
m57n711-s503	2090	8/26/2015	50126
m57n711-s502	2090	9/2/2015	50125
m30n706-s507	2090	9/14/2015	40144
m57n712-s510	2090	9/23/2015	50174
m57n712-s511	2090	9/30/2015	50175
m30n710-s503	2090	10/5/2015	40165
m57n715-s502	2090	10/12/2015	50219
m57n715-s503	2090	10/19/2015	50220
m30n726-s503	2090	10/29/2015	40190
m57n716-s505	2090	11/11/2015	50253
m30n718-s508	2090	11/16/2015	40201
m57n720-s520	2101	9/8/2015	50154
m57n720-s518	2101	9/14/2015	50153
m30n707-s505	2101	9/21/2015	40152
m57n721-s522	2101	9/28/2015	50197
m57n722-s513	2101	10/6/2015	50198
m57n722-s515	2101	10/12/2015	50199
m57n723-s515	2101	10/21/2015	50235
m57n723-s513	2101	10/27/2015	50234
m57n723-s516	2101	11/2/2015	50236
m30n718-s505	2101	11/4/2015	40194
m57n723-s517	2101	11/10/2015	50257
m57n723-s518	2101	12/3/2015	50258
m30n718-s511	2101	12/4/2015	40208
m30n716-s506	2108	10/8/2015	40172
m71n718-s522	2108	10/20/2015	40178
m57n716-s503	2108	10/30/2015	50246
m57n716-s506	2108	11/30/2015	50263
m30n719-s503	2108	12/10/2015	40213
m57n716-s502	2108	12/16/2015	50244
m57n716-s511	2108	12/21/2015	50282
m57n718-s503	2108	12/30/2015	50283
m30n719-s510	2108	12/31/2015	40226
m59n723-s520	2109	10/6/2015	50209
m59n723-s522	2109	10/13/2015	50207
m30n726-s502	2109	10/19/2015	40176
m59n723-s513	2109	10/20/2015	50241
m59n722-s522	2109	10/27/2015	50242
m59n722-s521	2109	11/3/2015	50243
m59n722-s516	2109	11/10/2015	50259
m59n722-s515	2109	11/17/2015	50260
m59n722-s513	2109	11/24/2015	50261
m59n723-s521	2109	12/1/2015	50208
m30n718-s510	2109	12/3/2015	40206
m59n721-s515	2109	12/10/2015	50271
m59n721-s516	2109	12/14/2015	50270
m59n721-s513	2109	12/29/2015	50272
m59n722-s520	2117	11/2/2015	50250
m59n722-s518	2117	11/9/2015	50251
m30n718-s507	2117	11/16/2015	40200
m59n721-s521	2117	11/23/2015	50266
m59n721-s522	2117	12/1/2015	50264
m30n719-s502	2117	12/7/2015	40209
m59n720-s521	2117	12/15/2015	50276
m59n720-s520	2117	12/27/2015	50277
m30n719-s506	2117	12/28/2015	40221
m59n719-s522	2117	1/5/2016	50293
m59n719-s521	2117	1/13/2016	50294
m59n719-s520	2117	1/18/2016	50295
m30n720-s507	2117	1/20/2016	40236
m59n721-s520	2123	11/23/2015	50267
m59n721-s518	2123	11/30/2015	50268
m59n721-s517	2123	12/7/2015	50269
m30n726-s506	2123	12/9/2015	40212
m59n720-s518	2123	12/13/2015	50279
m59n720-s516	2123	12/21/2015	50281
m59n720-s517	2123	12/28/2015	50280
m30n719-s507	2123	12/30/2015	40223
m30n722-s505	2123	1/4/2016	50296
m30n722-s506	2123	1/11/2016	50297
m59n719-s517	2123	1/18/2016	50298
m30n720-s506	2123	1/19/2016	40235
m59n718-s513	2123	1/25/2016	50329
m59n718-s516	2123	2/1/2016	50328
m59n718-s517	2123	2/8/2016	50327
m30n721-s506	2123	2/9/2016	40246
m57n716-s507	2128	12/7/2015	50273
m57n716-s508	2128	12/14/2015	50274
m57n716-s510	2128	12/31/2015	40227
m57n718-s510	2128	1/4/2016	50302
m57n718-s511	2128	1/11/2016	50303
m57n719-s502	2128	1/18/2016	50304
m30n720-s510	2128	1/22/2016	40238
m57n719-s511	2128	1/25/2016	50333
m57n720-s502	2128	2/1/2016	50334
m57n720-s503	2128	2/9/2016	50335
m30n727-s507	2128	2/12/2016	40248
m57n720-s511	2128	2/15/2016	50360
m57n721-s502	2128	2/22/2016	50361
m57n721-s503	2128	2/29/2016	50362
m30n702-s515	2128	3/11/2016	40261
m57n718-s506	2132	12/21/2015	50287
m57n718-s505	2132	12/28/2015	50286
m30n719-s511	2132	1/4/2016	40228
m57n719-s506	2132	1/11/2016	50307
m57n719-s503	2132	1/18/2016	50305
m30n720-s511	2132	1/25/2016	40239
m57n720-s505	2132	2/1/2016	50338
m30n722-s508	2132	2/8/2016	50337
m30n722-s507	2132	2/15/2016	50336
m30n701-s517	2132	2/22/2016	40252
m57n721-s507	2132	2/29/2016	50368
m57n721-s505	2132	3/8/2016	50366
m57n721-s506	2132	3/14/2016	50367
m30n702-s516	2132	3/15/2016	40262
m30n726-s508	2135	12/29/2015	40222
m57n718-s508	2135	1/6/2016	50289
m57n718-s507	2135	1/11/2016	50288
m30n727-s503	2135	1/13/2016	40234
m57n719-s507	2135	1/19/2016	50323
m57n719-s508	2135	1/27/2016	50324
m57n719-s510	2135	2/2/2016	50325
m30n721-s503	2135	2/3/2016	40243
m57n720-s507	2135	2/9/2016	50348
m57n720-s508	2135	2/15/2016	50349
m57n720-s510	2135	2/22/2016	50350
m30n701-s520	2135	2/26/2016	40257
m57n721-s511	2135	3/2/2016	50383
m57n721-s510	2135	3/8/2016	50382
m57n721-s508	2135	3/15/2016	50381
m30n702-s522	2135	3/18/2016	40267
m59n720-s515	2136	12/28/2015	50290
m59n720-s513	2136	1/4/2016	50291
m30n720-s503	2136	1/11/2016	40230
m59n719-s513	2136	1/18/2016	50311
m59n718-s522	2136	1/25/2016	50313
m30n727-s505	2136	2/1/2016	40240
m30n722-s510	2136	2/8/2016	50339
m30n722-s511	2136	2/15/2016	50340
m30n701-s518	2136	2/22/2016	40254
m59n715-s520	2136	2/29/2016	50374
m59n716-s513	2136	3/7/2016	50372
m59n715-s521	2136	3/14/2016	50373
m30n702-s520	2136	3/16/2016	40265
m59n719-s515	2137	1/16/2016	50300
m59n719-s516	2137	1/20/2016	50299
m30n720-s508	2137	1/22/2016	40237
m59n716-s522	2137	2/4/2016	50330
m59n716-s521	2137	2/11/2016	50331
m30n721-s507	2137	2/12/2016	40247
m59n716-s515	2137	2/24/2016	50358
m59n716-s516	2137	3/4/2016	50357
m30n702-s513	2137	3/10/2016	40260
m59n714-s521	2137	3/16/2016	50393
m59n714-s522	2137	3/27/2016	50392
m59n715-s513	2137	3/31/2016	50391
m30n704-s513	2137	4/7/2016	40277
m57n723-s521	2138	1/14/2016	50310
m57n723-s520	2138	1/20/2016	50308
m30n701-s521	2138	3/2/2016	40258
m57n727-s517	2138	3/9/2016	50385
m57n727-s518	2138	3/15/2016	50386
m30n704-s515	2138	4/8/2016	40278
m57n723-s522	2139	1/19/2016	50314
m57n724-s513	2139	1/25/2016	50316
m57n724-s521	2139	2/8/2016	50344
m57n724-s520	2139	2/16/2016	50343
m57n724-s518	2139	2/22/2016	50342
m57n726-s520	2139	2/29/2016	50375
m57n726-s521	2139	3/14/2016	50376
m57n728-s516	2139	3/28/2016	50412
m30n703-s516	2139	4/5/2016	40272
m59n718-s518	2140	1/19/2016	50319
m59n718-s520	2140	1/27/2016	50318
m59n718-s521	2140	2/1/2016	50317
m30n721-s502	2140	2/2/2016	40242
m59n716-s520	2140	2/7/2016	50345
m59n716-s517	2140	2/14/2016	50347
m59n716-s518	2140	2/21/2016	50346
m59n715-s516	2140	2/28/2016	50390
m30n701-s522	2140	3/3/2016	40259
m59n715-s518	2140	3/13/2016	50387
m59n715-s517	2140	3/19/2016	50388
m30n703-s513	2140	3/21/2016	40268
m59n714-s515	2140	3/26/2016	50403
m59n712-s522	2140	4/3/2016	50405
m59n714-s513	2140	4/9/2016	50404
m30n704-s516	2140	4/14/2016	40280
m57n724-s516	2141	1/18/2016	50320
m57n724-s517	2141	1/25/2016	50322
m30n727-s508	2141	2/1/2016	50321
m30n727-s506	2141	2/4/2016	40245
m30n710-s521	2141	2/10/2016	50355
m57n726-s516	2141	2/15/2016	50354
m30n721-s508	2141	2/22/2016	40253
m57n726-s518	2141	2/29/2016	50370
m57n726-s517	2141	3/2/2016	50369
m30n702-s517	2141	3/15/2016	40263
m57n727-s522	2141	3/21/2016	50396
m57n727-s520	2141	3/28/2016	50394
m57n727-s521	2141	4/4/2016	50395
m30n703-s517	2141	4/5/2016	40273
m57n724-s522	2142	2/10/2016	50351
m57n726-s515	2142	2/17/2016	50353
m57n726-s513	2142	2/23/2016	50352
m57n727-s513	2142	3/2/2016	50378
m57n727-s515	2142	3/8/2016	50379
m57n727-s516	2142	3/15/2016	50380
m30n702-s521	2142	3/17/2016	40266
m57n728-s513	2142	3/22/2016	50400
m57n728-s515	2142	3/29/2016	50401
m30n703-s522	2142	4/6/2016	40276
m30n710-s516	2142	4/14/2016	50421
m30n710-s515	2142	4/19/2016	50420
m57n728-s518	2142	4/25/2016	50419
m30n704-s521	2142	4/27/2016	40286
m59n714-s518	2144	3/21/2016	50398
m59n714-s520	2144	3/28/2016	50397
m59n714-s517	2144	4/4/2016	50399
m30n703-s518	2144	4/6/2016	40274
m59n712-s520	2144	4/11/2016	50414
m59n712-s518	2144	4/19/2016	50415
m59n712-s521	2144	4/25/2016	50413
m30n704-s518	2144	4/27/2016	40284
m59n711-s518	2144	5/2/2016	50435
m59n711-s517	2144	5/9/2016	50436
m59n711-s520	2144	5/16/2016	50434
m30n705-s515	2144	5/18/2016	40292
m59n710-s522	2144	5/25/2016	50453
m59n711-s513	2144	5/30/2016	50452
m59n710-s521	2144	6/6/2016	50454
m30n706-s515	2144	6/9/2016	40301
m59n723-s503	2145	4/12/2016	50406
m30n704-s517	2145	4/18/2016	40283
m57n722-s502	2146	4/4/2016	50409
m57n722-s505	2146	4/11/2016	50411
m57n722-s508	2146	4/25/2016	50427
m57n722-s507	2146	5/2/2016	50426
m57n723-s502	2146	5/23/2016	50445
m57n722-s506	2146	6/13/2016	50425
m30n706-s518	2146	6/15/2016	40304
m59n712-s517	2147	4/18/2016	50416
m59n712-s513	2147	4/25/2016	50418
m30n704-s520	2147	4/27/2016	40285
m59n712-s516	2147	5/2/2016	50417
m59n711-s516	2147	5/10/2016	50437
m30n705-s516	2147	5/18/2016	40293
m59n711-s515	2147	5/23/2016	50439
m59n710-s518	2147	5/31/2016	50457
m59n710-s520	2147	6/9/2016	50455
m30n706-s517	2147	6/13/2016	40303
m30n710-s518	2147	6/22/2016	50456
m30n710-s520	2147	6/30/2016	50482
m59n707-s522	2147	7/4/2016	50481
m30n706-s522	2147	7/5/2016	40308
m59n711-s521	2148	4/25/2016	50424
m59n711-s522	2148	5/2/2016	50423
m30n710-s517	2148	5/17/2016	50446
m30n705-s517	2148	5/23/2016	40294
m30n706-s516	2148	6/13/2016	40302
m59n710-s517	2148	6/20/2016	50458
m59n710-s516	2148	6/27/2016	50459
m59n710-s515	2148	7/5/2016	50460
m57n722-s511	2150	5/17/2016	50442
m57n723-s508	2150	5/23/2016	50479
m57n722-s510	2150	6/7/2016	50440
m30n706-s513	2150	6/8/2016	40300
m59n723-s502	2151	5/24/2016	50449
m30n705-s521	2151	6/6/2016	40298
m59n722-s511	2151	6/7/2016	50451
m59n722-s510	2151	6/13/2016	50470
m59n722-s508	2151	6/20/2016	50471
m59n722-s507	2151	6/27/2016	50472
m30n706-s521	2151	7/5/2016	40307
m59n721-s508	2151	7/11/2016	50490
m59n721-s507	2151	7/18/2016	50491
m59n721-s506	2151	7/25/2016	50492
m30n707-s517	2151	7/26/2016	40316
m59n720-s511	2151	8/1/2016	50511
m59n720-s508	2151	8/8/2016	50513
m59n720-s510	2151	8/15/2016	50512
m30n710-s513	2151	8/16/2016	40325
m57n723-s507	2152	5/30/2016	50466
m57n723-s505	2152	6/6/2016	50465
m57n723-s503	2152	6/13/2016	50464
m57n723-s511	2152	6/20/2016	50486
m57n723-s510	2152	6/27/2016	50485
m57n724-s502	2152	7/11/2016	50493
m57n724-s503	2152	7/18/2016	50494
m57n724-s505	2152	7/25/2016	50495
m57n724-s510	2152	8/1/2016	50514
m57n724-s511	2152	8/8/2016	50515
m57n726-s502	2152	8/15/2016	50516
m59n722-s505	2154	6/13/2016	50475
m59n722-s506	2154	6/20/2016	50473
m30n706-s520	2154	6/27/2016	40306
m59n721-s511	2154	7/3/2016	50488
m30n707-s516	2154	7/18/2016	40314
m59n721-s503	2154	7/25/2016	50506
m59n721-s502	2154	8/1/2016	50507
m59n721-s505	2154	8/8/2016	50505
m30n707-s521	2154	8/9/2016	40323
m59n721-s510	2154	8/15/2016	50489
m59n722-s502	2154	8/22/2016	50487
m59n707-s521	2155	7/19/2016	50496
m59n707-s520	2155	7/27/2016	50497
m59n707-s518	2155	8/2/2016	50498
m30n707-s518	2155	8/3/2016	40319
m59n707-s515	2155	8/7/2016	50520
m59n707-s513	2155	8/11/2016	50521
m59n706-s522	2155	8/30/2016	50522
m30n718-s513	2155	9/1/2016	40332
m59n704-s518	2155	9/7/2016	50581
m59n706-s517	2155	9/13/2016	50547
m59n706-s516	2155	9/21/2016	50548
m59n706-s515	2155	9/26/2016	50549
m30n718-s522	2155	9/28/2016	40342
m59n704-s521	2155	10/12/2016	50579
m59n704-s520	2155	10/19/2016	50580
m30n719-s521	2155	10/26/2016	40355
m57n724-s508	2156	7/21/2016	50501
m57n724-s507	2156	7/25/2016	50500
m57n724-s506	2156	8/1/2016	50499
m57n726-s505	2156	8/15/2016	50519
m57n726-s503	2156	8/22/2016	50518
m30n716-s521	2156	8/23/2016	40327
m30n722-s522	2156	8/29/2016	50537
m30n722-s521	2156	9/5/2016	50535
m57n726-s510	2156	9/22/2016	50560
m57n727-s502	2156	9/26/2016	50562
m57n726-s511	2156	10/3/2016	50561
m30n726-s515	2156	10/4/2016	40345
m59n707-s517	2157	7/19/2016	50503
m59n707-s516	2157	8/2/2016	50504
m59n706-s518	2157	8/10/2016	50525
m30n707-s522	2157	8/12/2016	40324
m59n706-s520	2157	8/16/2016	50524
m59n705-s518	2157	8/31/2016	50553
m59n706-s521	2157	9/7/2016	50523
m30n718-s515	2157	9/8/2016	40333
m59n706-s513	2157	9/12/2016	50550
m59n705-s522	2157	9/22/2016	50551
m59n705-s520	2157	9/26/2016	50552
m57n728-s520	2159	8/15/2016	50527
m30n716-s522	2159	8/29/2016	40329
m57n728-s522	2159	9/12/2016	50539
m57n728-s521	2159	9/19/2016	50538
m30n724-s522	2159	9/20/2016	40339
m57n729-s513	2159	9/26/2016	50569
m57n729-s516	2159	10/3/2016	50571
m57n729-s515	2159	10/10/2016	50570
m30n719-s513	2159	10/12/2016	40348
m57n729-s518	2159	10/17/2016	50593
m57n729-s520	2159	10/24/2016	50594
m57n729-s517	2159	10/31/2016	50592
m30n720-s513	2159	11/2/2016	40359
m59n720-s507	2160	8/16/2016	50529
m59n720-s505	2160	8/22/2016	50530
m59n720-s503	2160	9/5/2016	50542
m59n720-s502	2160	9/12/2016	50543
m30n718-s518	2160	9/19/2016	40338
m59n719-s508	2160	9/26/2016	50568
m59n719-s510	2160	10/3/2016	50566
m30n719-s515	2160	10/13/2016	40349
m59n719-s502	2160	10/17/2016	50597
m59n719-s503	2160	10/31/2016	50596
m57n726-s507	2161	9/6/2016	50546
m57n726-s506	2161	9/13/2016	50544
m57n727-s503	2161	9/30/2016	50563
m57n727-s505	2161	10/5/2016	50564
m57n727-s506	2161	10/19/2016	50589
m57n727-s507	2161	10/26/2016	50590
m57n727-s508	2161	10/31/2016	50591
m57n727-s511	2161	11/10/2016	50646
m57n727-s510	2161	11/17/2016	50645
m57n728-s502	2161	11/22/2016	50647
m30n720-s522	2161	11/28/2016	40369
m59n719-s511	2163	9/19/2016	50559
m59n719-s507	2163	10/3/2016	50588
m30n726-s516	2163	10/5/2016	40346
m59n705-s517	2164	10/3/2016	50573
m59n705-s516	2164	10/11/2016	50574
m59n703-s520	2164	10/18/2016	50622
m30n719-s520	2164	10/24/2016	40353
m59n703-s521	2164	11/2/2016	50621
m59n704-s513	2164	11/7/2016	50620
m30n720-s520	2164	11/14/2016	40364
m59n702-s522	2164	11/21/2016	50657
m59n702-s521	2164	11/28/2016	50658
m30n726-s520	2164	12/5/2016	40374
m59n701-s522	2164	12/12/2016	50710
m59n702-s513	2164	12/19/2016	50709
m30n726-s521	2164	12/27/2016	40385
m59n705-s515	2165	10/4/2016	50575
m59n704-s522	2165	10/11/2016	50577
m59n705-s513	2165	10/18/2016	50576
m59n703-s516	2165	10/25/2016	50626
m30n726-s517	2165	10/26/2016	40356
m59n703-s517	2165	11/1/2016	50625
m59n703-s518	2165	11/8/2016	50624
m59n702-s518	2165	11/30/2016	50683
m59n702-s520	2165	12/13/2016	50682
m30n721-s517	2165	12/14/2016	40379
m59n701-s517	2165	12/20/2016	50735
m59n701-s515	2165	12/27/2016	50737
m59n701-s516	2165	1/3/2017	50736
m30n722-s515	2165	1/5/2017	40392
m59n704-s516	2167	10/17/2016	50599
m59n704-s515	2167	10/24/2016	50600
m59n704-s517	2167	10/31/2016	50598
m30n720-s516	2167	11/9/2016	40362
m59n703-s513	2167	11/11/2016	50652
m59n703-s515	2167	11/13/2016	50651
m30n710-s506	2167	11/30/2016	40372
m59n702-s515	2167	12/1/2016	50704
m59n702-s517	2167	12/16/2016	50703
m30n721-s522	2167	12/21/2016	40383
m59n701-s513	2167	1/6/2017	50748
m30n722-s517	2167	1/12/2017	40396
m59n718-s511	2168	10/31/2016	50602
m59n718-s510	2168	11/7/2016	50603
m30n726-s518	2168	11/9/2016	40361
m59n718-s505	2168	11/21/2016	50648
m59n718-s503	2168	11/28/2016	50650
m30n721-s515	2168	11/30/2016	40371
m59n716-s508	2168	12/5/2016	50701
m59n716-s510	2168	12/12/2016	50699
m30n721-s521	2168	12/19/2016	40381
m59n716-s502	2168	1/16/2017	50743
m50n702-s502	2169	10/27/2016	50612
m50n703-s506	2169	11/3/2016	50617
m50n703-s508	2169	11/4/2016	50609
m30n720-s518	2169	11/10/2016	40363
m57n728-s506	2169	11/14/2016	50656
m57n728-s505	2169	11/21/2016	50655
m57n728-s503	2169	11/28/2016	50654
m30n710-s507	2169	12/1/2016	40373
m30n723-s515	2169	12/5/2016	50707
m30n723-s513	2169	12/12/2016	50706
m57n728-s507	2169	12/19/2016	50705
m30n722-s513	2169	12/22/2016	40384
m57n729-s508	2169	12/26/2016	50753
m57n729-s507	2169	1/2/2017	50752
m57n729-s506	2169	1/9/2017	50751
m30n722-s516	2169	1/12/2017	40395
m59n718-s506	2170	11/14/2016	50629
m59n716-s511	2170	11/22/2016	50660
m59n718-s507	2170	11/29/2016	50628
m59n716-s503	2170	12/6/2016	50741
m59n718-s508	2170	12/12/2016	50627
m30n721-s518	2170	12/15/2016	40380
m59n716-s507	2170	12/22/2016	50738
m59n716-s505	2170	12/27/2016	50740
m59n716-s506	2170	1/4/2017	50739
m30n727-s515	2170	1/9/2017	40393
m59n715-s505	2170	1/10/2017	50787
m30n722-s520	2170	2/1/2017	40406
m50n704-s506	2171	11/11/2016	50635
m50n704-s507	2171	11/14/2016	50644
m30n720-s521	2171	11/17/2016	40367
m61n703-s506	2171	11/21/2016	50680
m61n703-s511	2171	12/12/2016	50716
m61n703-s508	2171	12/19/2016	50715
m61n703-s507	2171	12/26/2016	50714
m30n727-s513	2171	12/29/2016	40387
m61n704-s505	2171	1/2/2017	50759
m61n704-s503	2171	1/9/2017	50758
m61n704-s502	2171	1/16/2017	50757
m30n727-s516	2171	1/18/2017	40397
m59n701-s521	2172	12/12/2016	50711
m59n701-s520	2172	12/19/2016	50712
m59n701-s518	2172	12/26/2016	50713
m30n726-s522	2172	12/29/2016	40386
m50n712-s505	2172	1/2/2017	50755
m30n727-s518	2172	1/9/2017	50754
m50n706-s510	2173	12/6/2016	50691
m50n707-s511	2173	12/14/2016	50685
m50n710-s503	2173	12/15/2016	50693
m49n705-s517	2173	12/19/2016	40382
m57n729-s502	2173	12/29/2016	50745
m57n729-s505	2173	1/3/2017	50747
m57n729-s503	2173	1/9/2017	50746
m49n705-s520	2173	1/11/2017	40394
m57n701-s522	2173	1/20/2017	50789
m57n702-s513	2173	1/25/2017	50790
m49n705-s522	2173	2/1/2017	40408
m49n707-s515	2173	2/28/2017	40423
m50n712-s515	2174	12/19/2016	50719
m50n711-s510	2174	12/26/2016	50727
m50n712-s517	2174	12/27/2016	50720
m50n701-s516	2174	1/2/2017	50785
m49n705-s518	2174	1/4/2017	40391
m57n701-s518	2174	1/9/2017	50782
m57n701-s521	2174	1/16/2017	50784
m57n701-s520	2174	1/23/2017	50783
m49n706-s513	2174	2/2/2017	40410
m57n703-s513	2174	2/6/2017	50844
m57n703-s515	2174	2/13/2017	50846
m57n701-s505	2174	2/14/2017	40414
m49n706-s522	2174	2/23/2017	40421
m57n704-s515	2174	2/28/2017	50865
m57n704-s516	2174	3/6/2017	50866
m57n704-s517	2174	3/13/2017	50867
m49n707-s522	2174	3/16/2017	40432
m57n728-s508	2175	1/1/2017	50732
m57n701-s517	2175	1/8/2017	50778
m57n728-s510	2175	1/16/2017	50733
m57n701-s516	2175	1/22/2017	50777
m49n705-s521	2175	1/24/2017	40402
m57n702-s515	2175	1/29/2017	50826
m57n702-s517	2175	2/5/2017	50827
m57n701-s515	2175	2/12/2017	50776
m49n706-s517	2175	2/16/2017	40416
m57n703-s517	2175	2/28/2017	50852
m57n703-s516	2175	3/6/2017	50851
m49n707-s520	2175	3/9/2017	40429
m50n716-s505	2176	1/6/2017	50766
m57n729-s510	2176	1/14/2017	50774
m57n701-s513	2176	1/16/2017	50775
m57n702-s518	2176	1/30/2017	50828
m57n702-s520	2176	2/6/2017	50829
m57n702-s521	2176	2/13/2017	50830
m49n706-s521	2176	2/22/2017	40420
m57n703-s521	2176	2/27/2017	50863
m57n704-s513	2176	3/6/2017	50864
m49n710-s515	2176	3/20/2017	40434
m57n704-s518	2176	3/27/2017	50924
m49n710-s522	2176	4/3/2017	40442
m59n715-s506	2177	1/18/2017	50781
m59n715-s507	2177	1/24/2017	50780
m59n714-s510	2177	1/31/2017	50843
m59n714-s511	2177	2/8/2017	50842
m59n715-s503	2177	2/14/2017	50840
m59n715-s502	2177	2/21/2017	50841
m49n707-s516	2177	3/2/2017	40425
m59n712-s507	2177	3/9/2017	50872
m59n712-s506	2177	3/15/2017	50873
m59n712-s508	2177	3/23/2017	50871
m59n711-s507	2177	3/27/2017	50938
m49n710-s518	2177	3/29/2017	40439
m50n718-s505	2178	1/25/2017	50799
m50n720-s502	2178	2/1/2017	50792
m49n706-s515	2178	2/8/2017	40412
m49n707-s513	2178	2/23/2017	40422
m59n712-s510	2178	3/2/2017	50870
m59n712-s511	2178	3/6/2017	50869
m59n714-s502	2178	3/15/2017	50868
m49n710-s516	2178	3/22/2017	40435
m59n711-s508	2178	4/5/2017	50929
m59n711-s510	2178	4/7/2017	50927
m49n711-s520	2178	4/12/2017	40449
m50n719-s508	2179	1/30/2017	50813
m50n727-s517	2179	2/6/2017	50820
m50n727-s518	2179	2/13/2017	50821
m49n706-s520	2179	2/16/2017	40417
m59n714-s507	2179	2/20/2017	50853
m59n714-s506	2179	2/27/2017	50854
m59n714-s503	2179	3/6/2017	50855
m49n707-s521	2179	3/9/2017	40430
m59n712-s503	2179	3/13/2017	50904
m59n712-s505	2179	3/20/2017	50903
m59n712-s502	2179	3/27/2017	50905
m49n710-s520	2179	3/30/2017	40440
m59n711-s506	2179	4/3/2017	50939
m59n711-s503	2179	4/10/2017	50941
m59n711-s505	2179	4/17/2017	50940
m49n716-s517	2179	4/20/2017	40452
m61n704-s506	2180	2/6/2017	50831
m61n704-s507	2180	2/27/2017	50856
m61n704-s508	2180	3/13/2017	50857
m49n710-s513	2180	3/16/2017	40433
m61n704-s510	2180	3/27/2017	50921
m49n711-s517	2180	4/10/2017	40447
m61n704-s511	2180	4/25/2017	50972
m57n702-s522	2181	2/6/2017	50836
m49n706-s516	2181	2/9/2017	40413
m57n703-s518	2181	3/13/2017	50859
m57n705-s515	2181	3/20/2017	50934
m49n710-s517	2181	3/22/2017	40436
m57n704-s522	2181	3/27/2017	50932
m57n704-s521	2181	4/2/2017	50930
m49n716-s516	2181	4/12/2017	40450
m57n705-s518	2181	4/17/2017	50991
m57n705-s516	2181	5/5/2017	50989
m57n705-s517	2181	5/9/2017	50990
m49n716-s522	2181	5/10/2017	40462
m50n726-s503	2188	4/23/2017	50966
m59n710-s510	2188	5/9/2017	51024
m59n711-s502	2188	5/15/2017	51022
m49n718-s516	2188	5/22/2017	40467
m59n710-s511	2188	5/29/2017	51023
m59n710-s508	2188	6/5/2017	51074
m59n710-s507	2188	6/12/2017	51076
m49n719-s518	2188	6/14/2017	40483
m59n710-s503	2188	6/19/2017	51136
m59n710-s505	2188	6/26/2017	51135
m59n710-s506	2188	7/3/2017	51134
m49n720-s517	2188	7/5/2017	40492
m50n724-s506	2190	4/18/2017	50988
m50n726-s508	2190	4/25/2017	50979
m50n704-s517	2190	5/8/2017	51039
m59n728-s508	2190	5/15/2017	51041
m59n728-s510	2190	5/22/2017	51040
m49n718-s521	2190	5/25/2017	40472
m59n728-s503	2190	5/29/2017	51110
m59n728-s505	2190	6/12/2017	51109
m59n728-s502	2190	6/20/2017	51142
m49n719-s522	2190	6/21/2017	40487
m59n727-s510	2190	6/26/2017	51144
m59n727-s511	2190	7/4/2017	51143
m59n727-s508	2190	7/10/2017	51145
m49n721-s518	2190	7/12/2017	40501
m50n702-s516	2191	5/1/2017	51000
m50n704-s518	2191	5/9/2017	50995
m49n718-s515	2191	5/17/2017	40465
m59n728-s507	2191	5/23/2017	51056
m59n728-s506	2191	6/9/2017	51057
m49n719-s521	2191	6/14/2017	40485
m50n702-s518	2192	5/2/2017	51012
m50n704-s521	2192	5/9/2017	51014
m50n705-s521	2192	5/15/2017	51015
m49n718-s517	2192	5/22/2017	40469
m61n705-s511	2192	5/29/2017	51140
m61n705-s502	2192	6/5/2017	51078
m61n706-s502	2192	6/12/2017	51141
m49n719-s520	2192	6/14/2017	40484
m61n705-s510	2192	6/17/2017	51139
m61n705-s507	2192	6/26/2017	51137
m61n705-s508	2192	7/3/2017	51138
m49n720-s520	2192	7/5/2017	40494
m61n706-s507	2192	7/24/2017	51155
m49n722-s515	2192	7/25/2017	40507
m50n711-s517	2198	5/31/2017	51070
m50n718-s506	2198	6/2/2017	51067
m49n719-s517	2198	6/7/2017	40482
m61n705-s506	2198	6/11/2017	51133
m61n705-s505	2198	6/18/2017	51131
m49n720-s516	2198	6/28/2017	40491
m61n706-s505	2198	7/2/2017	51150
m61n706-s506	2198	7/9/2017	51151
m49n721-s521	2198	7/19/2017	40504
m61n706-s510	2198	7/23/2017	51192
m61n706-s508	2198	7/31/2017	51191
m61n706-s511	2198	8/5/2017	51193
m49n723-s516	2198	8/9/2017	40519
m57n705-s520	2203	6/12/2017	51114
m57n705-s522	2203	6/19/2017	51116
m49n720-s513	2203	6/28/2017	40489
m49n721-s520	2203	7/19/2017	40502
m57n706-s517	2203	7/24/2017	51189
m57n706-s516	2203	8/7/2017	51188
m49n723-s515	2203	8/9/2017	40518
m57n706-s521	2203	8/21/2017	51259
m49n726-s513	2203	9/5/2017	40546
m61n716-s508	2210	7/14/2017	51157
m59n710-s502	2210	8/7/2017	51211
m59n707-s506	2210	9/12/2017	51402
m59n707-s507	2210	9/18/2017	51400
m57n706-s513	2211	7/17/2017	51171
m57n706-s515	2211	7/24/2017	51173
m57n706-s518	2211	8/7/2017	51212
m57n706-s520	2211	8/15/2017	51213
m57n701-s506	2211	8/21/2017	40530
m57n706-s522	2211	8/31/2017	51322
m57n707-s513	2211	9/14/2017	51324
m57n701-s508	2211	9/19/2017	40564
m57n707-s518	2211	9/26/2017	51474
m57n707-s520	2211	10/4/2017	51475
m57n702-s502	2211	10/11/2017	40579
m59n707-s511	2222	8/30/2017	51339
m59n707-s510	2222	9/13/2017	51340
m59n707-s503	2222	9/23/2017	51424
m59n707-s502	2222	9/30/2017	51425
m59n707-s505	2222	10/4/2017	51423
m59n729-s507	2222	10/5/2017	40573
m59n706-s511	2222	10/16/2017	51497
m59n706-s510	2222	10/28/2017	51498
m59n729-s503	2222	11/2/2017	40593
m61n720-s505	2232	8/28/2017	51302
m61n719-s508	2232	9/1/2017	51296
m61n701-s502	2232	9/11/2017	40554
m61n707-s502	2232	9/18/2017	51403
m61n707-s503	2232	9/26/2017	51405
m61n701-s503	2232	10/2/2017	40568
m61n707-s505	2232	10/9/2017	51477
m61n707-s506	2232	10/16/2017	51478
m61n707-s507	2232	10/23/2017	51479
m61n701-s505	2232	10/26/2017	40588
m61n710-s502	2232	10/30/2017	51576
m61n707-s511	2232	11/6/2017	51575
m61n707-s510	2232	11/13/2017	51574
m61n711-s507	2232	11/20/2017	51646
m61n701-s510	2232	11/21/2017	40605
m61n720-s511	2233	8/28/2017	51309
m61n721-s502	2233	9/4/2017	51310
m57n701-s507	2233	9/6/2017	40549
m57n707-s516	2233	9/18/2017	51407
m57n707-s515	2233	9/25/2017	51406
m57n701-s510	2233	10/3/2017	40571
m57n710-s515	2233	10/9/2017	51482
m57n707-s521	2233	10/16/2017	51480
m57n707-s522	2233	10/23/2017	51481
m57n702-s503	2233	10/24/2017	40585
m57n710-s521	2233	11/6/2017	51558
m57n710-s520	2233	11/13/2017	51557
m57n702-s506	2233	11/14/2017	40600
m61n726-s505	2245	9/7/2017	51396
m57n707-s517	2245	10/3/2017	51443
m61n701-s515	2251	9/21/2017	51432
m61n701-s513	2251	9/28/2017	51431
m61n701-s518	2251	10/2/2017	51434
m57n701-s511	2251	10/10/2017	40578
m57n710-s518	2251	10/16/2017	51511
m57n710-s517	2251	10/23/2017	51510
m57n710-s516	2251	10/30/2017	51509
m57n702-s505	2251	10/31/2017	40592
m57n710-s522	2251	11/13/2017	51598
m57n711-s522	2251	11/27/2017	51675
m57n702-s508	2251	11/28/2017	40610
m57n711-s521	2251	12/4/2017	51674
m57n711-s520	2251	12/11/2017	51673
m57n711-s518	2251	12/18/2017	51672
m57n702-s510	2251	12/19/2017	40622
m61n702-s521	2253	9/25/2017	51451
m59n729-s506	2253	10/9/2017	40576
m59n706-s507	2253	10/13/2017	51505
m59n706-s505	2253	10/27/2017	51607
m59n729-s502	2253	11/2/2017	40595
m59n706-s506	2253	11/7/2017	51603
m59n726-s507	2253	11/21/2017	40606
m59n706-s503	2253	11/28/2017	51647
m59n706-s502	2253	12/11/2017	51648
m61n703-s517	2254	9/25/2017	51462
m61n703-s522	2254	10/2/2017	51465
m57n711-s515	2254	11/27/2017	51651
m57n711-s513	2254	12/4/2017	51650
m61n707-s518	2258	10/20/2017	51521
m61n706-s520	2258	10/27/2017	51513
m61n710-s505	2258	11/6/2017	51601
m61n710-s507	2258	11/13/2017	51602
m61n710-s503	2258	11/26/2017	51600
m61n701-s511	2258	11/30/2017	40613
m61n711-s508	2258	12/4/2017	51693
m61n711-s510	2258	12/11/2017	51694
m61n711-s511	2258	12/18/2017	51695
m61n714-s506	2258	12/25/2017	51745
m61n702-s508	2258	1/4/2018	40630
m61n710-s521	2259	10/23/2017	51533
m61n710-s517	2259	10/30/2017	51528
m61n701-s506	2259	11/9/2017	40598
m61n710-s510	2259	11/13/2017	51627
m61n710-s508	2259	11/21/2017	51626
m61n710-s511	2259	11/27/2017	51628
m61n712-s503	2259	12/12/2017	51712
m61n712-s502	2259	1/3/2018	51711
m61n702-s507	2259	1/4/2018	40628
m61n714-s503	2259	1/8/2018	51743
m61n714-s502	2259	1/18/2018	51742
m61n714-s505	2259	1/23/2018	51744
m61n712-s520	2263	10/31/2017	51560
m61n714-s513	2263	11/7/2017	51563
m61n707-s508	2263	11/13/2017	51564
m61n701-s508	2263	11/14/2017	40601
m61n711-s502	2263	11/20/2017	51629
m61n711-s505	2263	11/27/2017	51631
m61n711-s503	2263	12/4/2017	51630
m61n702-s502	2263	12/5/2017	40617
m61n712-s508	2263	12/11/2017	51729
m61n712-s507	2263	12/18/2017	51728
m61n712-s505	2263	1/1/2018	51727
m61n702-s506	2263	1/3/2018	40627
m61n712-s510	2263	1/15/2018	51740
m61n712-s511	2263	1/22/2018	51741
m61n702-s510	2263	1/24/2018	40637
m57n711-s516	2265	12/11/2017	51654
m57n711-s517	2265	12/18/2017	51655
m57n712-s516	2265	1/1/2018	51735
m57n712-s513	2265	1/8/2018	51733
m57n712-s520	2265	1/14/2018	51749
m57n702-s511	2265	1/16/2018	40633
m57n712-s518	2265	1/22/2018	51748
m57n712-s517	2265	1/29/2018	51747
m57n703-s502	2265	2/5/2018	40640
m59n705-s510	2268	12/4/2017	51659
m59n705-s511	2268	12/11/2017	51657
m59n726-s506	2268	12/18/2017	40621
m59n705-s508	2268	12/25/2017	51730
m59n705-s505	2268	1/15/2018	51732
m59n705-s507	2268	1/29/2018	51731
m59n705-s502	2268	2/5/2018	51751
m59n704-s511	2268	2/20/2018	51752
m59n705-s503	2273	1/2/2018	51736
m59n704-s508	2273	1/24/2018	51756
m59n704-s506	2273	1/29/2018	51758
m59n704-s507	2273	2/5/2018	51757
m59n724-s511	2273	2/13/2018	40644
m59n703-s510	2273	2/21/2018	51781
m59n703-s511	2273	2/27/2018	51780
m59n703-s508	2273	3/5/2018	51782
m59n703-s503	2273	3/14/2018	51787
m59n703-s502	2273	3/26/2018	51789
m59n724-s506	2273	3/27/2018	40652
m59n704-s510	2276	1/29/2018	51755
m59n704-s502	2276	2/5/2018	51779
m59n726-s502	2276	2/6/2018	40643
m59n704-s503	2276	2/13/2018	51778
m59n704-s505	2276	2/26/2018	51777
m59n724-s508	2276	2/27/2018	40646
m59n703-s507	2276	3/15/2018	51784
m59n703-s506	2276	3/16/2018	51786
m59n724-s507	2276	3/20/2018	40650
m59n702-s506	2276	3/31/2018	51795
m59n702-s507	2276	4/9/2018	51793
m59n724-s503	2276	4/10/2018	40655
m59n702-s511	2279	3/20/2018	51790
m59n724-s505	2279	4/5/2018	40654
m59n702-s508	2279	4/16/2018	51792
m59n702-s510	2279	4/23/2018	51791
m59n724-s502	2279	4/26/2018	40657
m59n701-s505	2279	5/2/2018	51829
m59n702-s505	2279	5/10/2018	51805
m59n702-s503	2279	5/14/2018	51807
m59n723-s507	2279	5/16/2018	40664
m61n714-s507	2280	4/2/2018	51796
m61n716-s502	2280	4/9/2018	51798
m61n702-s511	2280	4/16/2018	40656
m61n716-s503	2280	5/3/2018	51803
m61n703-s502	2280	5/7/2018	40660
m61n716-s507	2280	5/15/2018	51816
m61n716-s506	2280	5/23/2018	51814
m61n703-s503	2280	5/29/2018	40667
m71n720-s515	2280	6/7/2018	51834
m71n719-s515	2280	6/18/2018	40676
m57n703-s507	2282	5/23/2018	40665
m57n714-s513	2282	6/4/2018	51831
m57n714-s515	2282	6/11/2018	51832
m71n722-s513	2282	6/25/2018	51855
m71n722-s515	2282	7/9/2018	51856
m71n721-s515	2282	7/11/2018	40686
m71n724-s520	2282	7/16/2018	51881
m71n726-s513	2282	7/23/2018	51883
m71n724-s521	2282	7/30/2018	51882
m71n723-s516	2282	8/6/2018	40693
m59n702-s502	2283	5/15/2018	51812
m71n721-s516	2283	7/9/2018	51857
m71n726-s521	2283	7/23/2018	51889
m71n726-s518	2283	7/30/2018	51888
m71n726-s517	2283	8/6/2018	51887
m71n723-s521	2283	8/13/2018	40697
m59n701-s510	2284	5/14/2018	51819
m59n701-s511	2284	5/21/2018	51817
m71n720-s516	2284	6/4/2018	51839
m71n720-s517	2284	6/13/2018	51841
m71n719-s517	2284	6/20/2018	40677
m71n727-s516	2284	8/6/2018	51894
m71n723-s520	2284	8/10/2018	40696
m57n712-s522	2285	5/28/2018	51821
m57n712-s521	2285	6/4/2018	51820
m57n703-s508	2285	6/5/2018	40671
m71n721-s521	2285	6/12/2018	51846
m71n721-s520	2285	6/18/2018	51845
m71n719-s522	2285	6/26/2018	40681
m71n722-s522	2285	7/3/2018	51871
m71n722-s521	2285	7/4/2018	51870
m71n721-s517	2285	7/16/2018	40689
m71n727-s513	2285	7/23/2018	51891
m71n727-s515	2285	7/30/2018	51892
m71n726-s522	2285	8/5/2018	51890
m59n701-s508	2286	5/21/2018	51823
m59n701-s506	2286	5/28/2018	51825
m59n701-s507	2286	6/4/2018	51824
m59n723-s505	2286	6/11/2018	40673
m71n720-s521	2286	6/18/2018	51852
m71n719-s520	2286	6/21/2018	40679
m71n720-s520	2286	7/3/2018	40683
m71n724-s515	2286	7/9/2018	51875
m71n724-s516	2286	7/16/2018	51876
m71n727-s517	2286	8/6/2018	51899
m71n723-s522	2286	8/13/2018	40698
m71n720-s518	2287	6/4/2018	51842
m71n719-s518	2287	6/21/2018	40678
m71n722-s517	2287	6/29/2018	51864
m71n722-s516	2287	7/3/2018	51863
m71n722-s518	2287	7/9/2018	51865
m71n726-s516	2287	7/19/2018	51886
m71n726-s515	2287	7/30/2018	51885
m71n723-s517	2287	8/6/2018	40694
m71n728-s517	2287	8/9/2018	51902
m71n728-s518	2287	8/21/2018	51904
m71n721-s522	2288	6/28/2018	51850
m71n720-s513	2288	6/29/2018	40682
m71n724-s517	2290	7/23/2018	51878
m71n724-s518	2290	7/30/2018	51879
m71n723-s518	2290	8/7/2018	40695
m71n724-s522	2290	8/30/2018	40702
m71n728-s522	2290	9/3/2018	51907
m71n728-s521	2290	9/17/2018	51906
m71n728-s520	2290	9/24/2018	51905
m71n728-s513	2290	9/25/2018	40704
m71n729-s518	2290	10/1/2018	51918
m71n729-s521	2290	10/9/2018	51920
m71n729-s520	2290	10/15/2018	51919
m71n728-s515	2290	10/16/2018	40705
m71n724-s513	2291	8/28/2018	40701
m71n727-s521	2291	9/3/2018	51910
m71n727-s520	2291	9/10/2018	51909
m71n727-s522	2291	9/17/2018	51911
m71n727-s518	2291	9/19/2018	40703
m71n729-s517	2291	9/24/2018	51917
m71n729-s516	2291	10/1/2018	51916
m71n729-s515	2291	10/8/2018	51915
m71n729-s513	2291	10/18/2018	40706
